999,equip
การประกอบเลขที่ 8205 ข้อแนะนำสำหรับการปักเสา https://drive.google.com/file/d/0B4BTAaYsG0CpRFhQXzFxcjl1SVE/view?usp=sharing,8205
การประกอบเลขที่ 8222 เสาตอม่อ คอร.การประกอบเสาตอม่อเดี่ยว https://drive.google.com/open?id=0B4BTAaYsG0CpcXY2TFFBOGhTenM,8222
การประกอบเลขที่ 8225 การประกอบตอม่อ คอร.เดี่ยว สำหรับยกระดับสายระบบจำหน่าย https://drive.google.com/open?id=0B4BTAaYsG0CpaFJEQ1ZlS0prazg,8225
การประกอบเลขที่ 8226 เสาตอม่อ คอร. สำหรับเสา คอร.12.20 ม. และ 14.30 ม. https://drive.google.com/open?id=0B4BTAaYsG0CpdEk2RGZQbXJjRFE,8226
การประกอบเลขที่ 8301 การประกอบไม้คอนกับหน้าเสาไฟฟ้า https://drive.google.com/open?id=0B4BTAaYsG0CpMlV3VFRJUzU3Z1k,8301
การประกอบเลขที่ 2802 การประกอบคอน คอร.สปันกับเสาคอนกรีต ระบบ 22 KV  https://drive.google.com/open?id=0B4BTAaYsG0CpZC1qTGstZ28wbjA,2802
การประกอบเลขที่ 2803 การประกอบคอน คอร.สปัน แบบท้าวแขนกับเสาคอนกรีตระบบ 22 KV https://drive.google.com/open?id=0B4BTAaYsG0CpX1VDNlhHdVVFVFk,2803
การประกอบเลขที่ 3802 การประกอบคอน คอร.สปัน กับเสาคอนกรีตระบบ 33 KV. https://drive.google.com/open?id=0B4BTAaYsG0CpVm9Qc05PcHpLNUE,3802
การประกอบเลขที่ 3803 การประกอบคอน คอร.สปัน กับเสาคอนกรีต ระบบ 33 KV. https://drive.google.com/open?id=0B4BTAaYsG0CpRl9uS1VueEtNYnM,3803
การประกอบเลขที่ 3804 การประกอบคอน คอร.สปัน แบบท้าวแขนกับเสาคอนกรีต ระบบ 33 KV https://drive.google.com/open?id=0B4BTAaYsG0CpOUtadktEMlFkRGc,3804
การประกอบเลขที่ 2424 เหล็กรับสายล่อฟ้า สำหรับระบบจำหน่าย 22 kv และ 33 kv https://drive.google.com/open?id=0B4BTAaYsG0Cpcl9ZUzExX2kyRDA,2424
การประกอบเลขที่ 2301A การติดตั้งเคเบิลอากาศบนเหล็กคอนเคเบิลอากาศทางตรง ระบบ 22 kv https://drive.google.com/open?id=0B4BTAaYsG0CpOXQyZGlOLUtKVVk,2301A
การประกอบเลขที่ 2427 การติดตั้งสายล่อฟ้า กับระบบจำหน่าย 22 kv สำหรับโครงสร้างเสาต้นเข้าปลายสายล่องข้างhttps://drive.google.com/open?id=0B4BTAaYsG0CpelI0OU1TN0Y1cjQ,2427
การประกอบเลขที่ 2901 การประกอบ คอร. สปัน กับเสา คอร. กับสายล่อฟ้า ระบบ 22 kv https://drive.google.com/open?id=0B4BTAaYsG0CpZWNEcWpwMW9fd2M,2901
การประกอบเลขที่ 3201A เหล็กรับสายล่อฟ้า สำหรับระบบจำหน่าย 22 kv และ 33 kv https://drive.google.com/open?id=0B4BTAaYsG0CpSGRJZDVDWVNEWTg,3201A
การประกอบเลขที่ 3203 การต่อสายล่อฟ้าและสายดิน ระบบ 33 kv https://drive.google.com/open?id=0B4BTAaYsG0CpTzRYUzNNLXdxWjg,3203
การประกอบเลขที่ 8408 การใช้ลูกถ้วยยึดโยง https://drive.google.com/open?id=0B4BTAaYsG0CpSmxlUEc3OTFpX0E,8408
การประกอบเลขที่ 8426 ข้อแนะนำในการทำสายยึดโยง https://drive.google.com/open?id=0B4BTAaYsG0CpR3pDLVRjLWptWTA,8426
การประกอบเลขที่ 8427 การจับสายยึดโยงที่จุดต่างๆ https://drive.google.com/open?id=0B4BTAaYsG0CpbFhTZWVINm41OWc,8427
การประกอบเลขที่ 8432 การฝังแผ่นสมอบกคอนกรีดเสริมเหล็ก https://drive.google.com/open?id=0B4BTAaYsG0CpRTNiYlJvdkJaTDg,8432
การประกอบเลขที่ 8439 การฝังแผ่นสมอบกคอนกรีดเสริมเหล็ก (เสริมเสา คอร. ขนาด 12.20 ม. และ 14.30 ม.)https://drive.google.com/open?id=0B4BTAaYsG0CpMlNabWZTUUhTeFE,8439
การประกอบเลขที่ 8451 การประกอบสายยึดโยง สำหรับ ระบบ 400/230 โวลต์ https://drive.google.com/open?id=0B4BTAaYsG0CpdllYdktUbVdNZlk,8451
การประกอบเลขที่ 8452 การประกอบสายยึดโยง สำหรับระบบ 11-22 kv https://drive.google.com/open?id=0B4BTAaYsG0CpNGpWaEdNU3BlRHc,8452
การประกอบเลขที่ 8453 การประกอบสายยึดโยง สำหรับระบบ 33 kv https://drive.google.com/open?id=0B4BTAaYsG0CpUVZIcGVZUTUwNG8,8453
การประกอบเลขที่ 8459 การประกอบสายยึดโยง สำหรับเสาต้นเข้าปลายสายล่อฟ้า ระบบ 22 kv https://drive.google.com/open?id=0B4BTAaYsG0CpSHNrMGpPdU03MEk,8459
"การประกอบเลขที่ 2323,3909 การติดตั้งเคเบิลอากาศ ระบบ 22-33 kv 1-2 วงจร (กับเสา ครอ. ขนาด 12.20 เมตร)https://drive.google.com/open?id=0B4BTAaYsG0CpckR2dEowQjVHZkk",2323
"การประกอบเลขที่ 2323,3909 การติดตั้งเคเบิลอากาศ ระบบ 22-33 kv 1-2 วงจร (กับเสา ครอ. ขนาด 12.20 เมตร)https://drive.google.com/open?id=0B4BTAaYsG0CpckR2dEowQjVHZkk",3909
การประกอบเลขที่ 9423 การหย่อนยานของลวดเหล็กดีเกลียว 25 ตมม.  https://drive.google.com/open?id=0B4BTAaYsG0CpVGo5ZWFFMklpOVE,9423
การประกอบเลขที่ 9301 มาตรฐานระยะห่างที่ปลอดภัยในการก่อสร้างทางไฟฟ้า https://drive.google.com/open?id=0B4BTAaYsG0CpM2NZQnJRczE1NTQ,9301
การประกอบเลขที่ 9553 การผูกลูกถ้วยแรงสูง มาตรฐาน EEI-NE MA แบบใช้ลวดอลูมิเนียมแบนhttps://drive.google.com/open?id=0B4BTAaYsG0CpTFlZZVNmRk5tdHc,9553
การประกอบเลขที่ 9556 การประกอบแคล้มป์และปรีฟอร์มเข้าปลายสายสำหรับระบบจำหน่ายแรงสูง https://drive.google.com/open?id=0B4BTAaYsG0CpZFE5dFFDb1pLdkk,9556
การประกอบเลขที่ 9575 การผูกสายหุ้มฉนวนแรงสูงกับลูกถ้วยด้วยอลูมิเนียมกลมหุ้มฉนวน https://drive.google.com/open?id=0B4BTAaYsG0CpRVh1WWI3RlB4ZVU,9575
การประกอบเลขที่ 9562 การต่อสายหุ้มฉนวนพร้อมฉนวนครอบ https://drive.google.com/open?id=0B4BTAaYsG0CpV3pmT09aTlR6b2M,9562
การประกอบเลขที่ 9569 การใช้ PIN TERMINAY สำหรับต่อสายเข้าอุปกรณ์ไฟฟ้า https://drive.google.com/open?id=0B4BTAaYsG0CpMjNvVFFadWRURlU,9569
การประกอบเลขที่ 9801 มาตรฐานการติดตั้งอุปกรณ์ป้องกันและอุปกรณ์ตัดสายตอนในระบบจำหน่ายแรงสูง https://drive.google.com/open?id=0B4BTAaYsG0CpaW5USl9YXzJKUVE,9801
การประกอบเลขที่ 2218A การติดตั้งบัดอาร์ม ระบบ 11-22 kv กรณีพาดสายช่วงสั้นไม่รับแรงดึง https://drive.google.com/open?id=0B4BTAaYsG0CpWFZVaDJ5T0x0TU0,2218A
การประกอบเลขที่ 2310 การติดตั้งบัดอาร์ม ระบบ 22 kv  https://drive.google.com/open?id=0B4BTAaYsG0CpUklmYS0wMXhUWjQ,2310
การประกอบเลขที่ 2312 การติดตั้งบัดอาร์มเคเบิลอากาศ ระบบ 22 kv กรณีพาดสายช่วงสั้นไม่รับแรงดึง https://drive.google.com/open?id=0B4BTAaYsG0CpWUV5SU5ZMDdFck0,2312
การประกอบเลขที่ 3912 การติดตั้งบัดอาร์มเคเบิลอากาศ ระบบ 33 kv กรณีพาดสายช่วงสั้นไม่รับแรงดึง https://drive.google.com/open?id=0B4BTAaYsG0CpTmNhMDR5dFBoTHc,3912
การประกอบเลขที่ 2305A การติดตั้งเคเบิลอากาศ ระบบ 22 kv สำหรับเข้าปลายสายต้นสุดท้าย https://drive.google.com/open?id=0B4BTAaYsG0CpR0dtZUhMN1NSZEk,2305A
การประกอบเลขที่ 8603 การจัดการพฤกษชาติที่อยู่ใกล้แนวสายจำหน่าย https://drive.google.com/open?id=0B4BTAaYsG0CpZUxGXzNBMmhpWTQ,8603
การประกอบเลขที่ 8604 การทาสีเสาไฟฟ้าเพื่อป้องกันอุบัติเหตุรถชนเสาไฟฟ้า https://drive.google.com/open?id=0B4BTAaYsG0CpWW9KaUwwUkdDeGc,8604
การประกอบเลขที่ 9153 กำหนดหมายเลขสายไฟและหมายเลขเสาในระบบจำหน่ายแรงสูง https://drive.google.com/open?id=0B4BTAaYsG0CpSFVTR1FmeDAzUTg,9153
การประกอบเลขที่ 8403 การยึดโยง นิยามและการคำนวณ https://drive.google.com/open?id=0B4BTAaYsG0CpX2UySGVVV0FCREU,8403
การประกอบเลขที่ 8409 การใช้ลูกถ้วยยึดโยง ระบบ 11-22 kv https://drive.google.com/open?id=0B4BTAaYsG0CpT2o3RmRCbGJsYTA,8409
การประกอบเลขที่ 9701A การต่อลงดินสำหรับหม้อแปลงระบบจำหน่าย https://drive.google.com/open?id=0B4BTAaYsG0CpYmwyeUNnSkNYcFE,9701A
การประกอบเลขที่ 9701B การต่อลงดินสำหรับอุปกรณ์ในระบบจำหน่ายและสายระบบจำหน่าย https://drive.google.com/open?id=0B4BTAaYsG0CpNXgxcHJmelZfbHM,9701B
การปรกอบเลขที่ 9703A การประกอบยึดสายดินกับเสาคอนกรีด https://drive.google.com/open?id=0B4BTAaYsG0CpOG1nUW82N3lmMGM,9703A
การประกอบเลขที่ 9704A การประกอบการยึดท่อ พี วี ซี กับเสาคอนกรีด https://drive.google.com/open?id=0B4BTAaYsG0CpMDNEVFAzb3I5R0k,9704A
การประกอบเลขที่ 2401 การเลือกใช้ล่อฟ้าแรงสูง https://drive.google.com/open?id=0B4BTAaYsG0CpY21pZlVWV3RsR1U,2401
การประกอบเลขที่ 2402 การติดตั้งกับดักเสิร์ฐแรงสูง ระบบ 22 kv https://drive.google.com/open?id=0B4BTAaYsG0CpTHFfaTN5MGwzUFk,2402
การประกอบเลขที่ 2402A การติดตั้งล่อฟ้าแรงสูง ที่สายระบบจำหน่าย 22 kv  https://drive.google.com/open?id=0B4BTAaYsG0CpRFV1bzd1LURfZVk,2402A
การประกอบเลขที่ 3401 การเลือกใช้ล่อฟ้าแรงสูง https://drive.google.com/open?id=0B4BTAaYsG0CpdnRldHFiT05uckk,3401
การประกอบเลขที่ 0205 การติดตี้งแร๊คแรงต่ำกับเสาคอนกรีต 8 เมตร https://drive.google.com/open?id=0B4BTAaYsG0CpeVN1TmphVTd3ejA,205
การประกอบเลขที่ 0206 การติดตั้งแร๊ตแรงต่ำกับเสา 8 ม.สำหรับปรับปรุงระบบจำหน่ายแรงต่ำเป็น 3 เฟส 4 สายhttps://drive.google.com/open?id=0B4BTAaYsG0CpX2VRT1Mxb29lMHc,206
การประกอบเลขที่ 0207 การติดตั้งแร๊คแรงต่ำกับเสา 9 เมตร https://drive.google.com/open?id=0B4BTAaYsG0CpTWR2TGZEdjFrTlk,207
การประกอบเลขที่ 0208 การติดตั้งแร๊คแรงต่ำกับเสา 9 เมตร สำหรับทางโค้ง 60 องศาขึ้นไป https://drive.google.com/open?id=0B4BTAaYsG0CpSUltNkZIaW0yeWM,208
การประกอบเลขที่ 0210 การติดตั้งแร็คแรงต่ำกับเสา 9 เมตร สำหรับการต่อแยกสาย https://drive.google.com/open?id=0B4BTAaYsG0CpRW1xQVl0MWYwVnc,2010
การประกอบเลขที่ 0213 การติดตั้งแร็คแรงต่ำกับเสา 9 เมตร 2 วงจร https://drive.google.com/open?id=0B4BTAaYsG0Cpa0NSZ3o1VDZiRmc,213
การประกอบเลขที่ 0215 การติดตั้งแร็คแรงต่ำกับเสา 9 เมตร 2 วงจร สำหรับเข้าปลายสายต้นสุดท้าย https://drive.google.com/open?id=0B4BTAaYsG0CpNV9jY1A5QXZXLWM,215
การประกอบเลขที่ 9422 การหย่อนยานของสายอลูมิเนียมหุ้มฉนวนใช้ภายนอกชนิดคอมแพค 600 โวลต์ 95 ต.มม. https://drive.google.com/open?id=0B4BTAaYsG0CpeUR3OG9TY0k5UGM,9422
การประกอบเลขที่ 9527 การผูกลูกถ้วยและลูกรอกแรงต่ำ https://drive.google.com/open?id=0B4BTAaYsG0CpbUhLZzI1eUZiSWM,9527
การประกอบเลขที่ 9528 การประกอบแคล้มป์และปรีฟอร์มเข้าปลายสายสำหรับระบบจำหน่ายแรงต่ำ https://drive.google.com/open?id=0B4BTAaYsG0CpN1U3N3hMbUhWQkk,9528
การประกอบเลขที่ 9529 การเข้าปลายสายแรงต่ำด้วยวดอลูมิเนียมกลม https://drive.google.com/open?id=0B4BTAaYsG0CpaHhWakdVZ1hLQkk,9529
การประกอบเลขที่ 0210 การติดตั้งแร็คแรงต่ำกับเสา 9 เมตร สำหรับการต่อแยกสาย https://drive.google.com/open?id=0B4BTAaYsG0CpRW1xQVl0MWYwVnc,210
การประกอบเลขที่ 0210A การติดตั้งแร็คแรงต่ำกับเสา 9 เมตร สำหรับการต่อแยกสาย(แบบที่ 4) https://drive.google.com/open?id=0B4BTAaYsG0CpY054M3FmSnp2ZjQ,0210A
การปะรกอบเลขที่ 0214 การติดตั้งแร็คแรงต่ำกับเสา 9 เมตร 2 วงจร https://drive.google.com/open?id=0B4BTAaYsG0CpRlFmSE9maVIyYnc,214
การประกอบเลขที่ 0209 การติดตั้งแร็คแรงต่ำกับเสา 9 เมตร สำหรับเข้าปลายสายเสาต้นสุดท้าย https://drive.google.com/open?id=0B4BTAaYsG0CpUlF1aVJEeUMzMTA,209
การประกอบเลขที่ 0211 การติดตั้งแร็คแรงต่ำกับเสา 9 เมตร สำหรับเข้าปลายสาย 2 ข้าง https://drive.google.com/open?id=0B4BTAaYsG0CpRnlaWnRGZlIxWHM,211
การประกอบเลขที่ 0211 การติดตั้งแร็คแรงต่ำกับเสา 9 เมตร สำหรับเข้าปลายสาย 2 ข้าง https://drive.google.com/open?id=0B4BTAaYsG0CpRnlaWnRGZlIxWHM,401
การประกอบเลขที่ 0402 การติดตั้งกับดีกเสริจ์แรงต่ำในระบบจำหน่ายแรงต่ำ https://drive.google.com/open?id=0B4BTAaYsG0CpZTA2eXdGVzRPZ1U,402
การประกอบเลขที่ 9125 การกำหนดหมายเลขสายไฟและหมายเลขเสาในระบบจำหน่ายแรงต่ำ https://drive.google.com/open?id=0B4BTAaYsG0CpRlRfN2hDNmtkSVk,9152
การประกอบเลขที่ 9601 ข้อแนะนำสำหรับการติดตั้งหม้อแปลง กฟภ. ในระบบจำหน่าย https://drive.google.com/open?id=0B4BTAaYsG0CpcXZuaHVCWUQ5UW8,9601
การประกอบเลขที่ 2401 การเลือกใช้ล่อฟ้าแรงสูง https://drive.google.com/open?id=0B4BTAaYsG0CpY21pZlVWV3RsR1U,2401
การประกอบเลขที่ 3105A ตารางขนาดฟิวส์สำหรับหม้อแปลง 22 KV และ 33 KV https://drive.google.com/open?id=0B4BTAaYsG0CpTlZPWV9OZlloYkU,3105A
การประกอบเลขที่ 9576 การติดฉนวนครอบขั้วต่อสายหรือบุชชิ่งของอุปกรณ์ไฟฟ้า https://drive.google.com/open?id=0B4BTAaYsG0CpY2hKRm9iRVZmV1U,9576
การประกอบเลขที่ 0604 การต่อสายแรงต่ำออกจากหม้อแปลงที่นั่งร้านหม้อแปลง คาน คอร. https://drive.google.com/open?id=0B4BTAaYsG0CpTzY3Q3p5XzBBNUU,604
การประกอบเลขที่ 0602 พิกัด HRC ฟิวส์แรงต่ำสำหรับหม้อแปลงระบบจำหน่าย https://drive.google.com/open?id=0B4BTAaYsG0CpQ3pvNEhPSjZDSEU,602
การประกอบเลขที่ 0603 การต่อสายแรงต่ำออกจากหม้อแปลง(แบบแขวนกับเสาไฟฟ้า) https://drive.google.com/open?id=0B4BTAaYsG0CpRUdVZ2steEVNcXM,603
การประกอบเลขที่ 2706 การติดตั้ง คอน คอร. นั้งร้านหม้อแปลง สำหรับหม้อแปลง 3 เฟส ระบบ 22 KV และ 33 KV https://drive.google.com/open?id=0B4BTAaYsG0CpZE5SNTdua3g1NFk,2706
การประกอบเลขที่ 8501 ข้อแนะในการติดตั้งคาน คอร.นั่งร้านหม้อแปลง https://drive.google.com/open?id=0B4BTAaYsG0CpNFlWY21OM29UeEE,8501
การประกอบเลขที่ 8503 ฐานรากเสาคู่ประกอบนั่งร้านหม้อแปลง https://drive.google.com/open?id=0B4BTAaYsG0CpMUEwTmRxa3JWM0U,8503
"1.การปักเสา,เสาตอม่อ ดูการประกอบเลขที่ 8205,8222,8223,8224,8226 พิมพ์เลขที่แบบได้เลยครับ",1
"2.การติดตั้งคอน,ลูกถ้วย และประกอบบอนด์ไวร์ดูการประกอบเลขที่  8301,2802,2803,3802,3803,3804 พิมพ์เลขที่แบบได้เลยครับ",2
"3.การติดตั้งเหล็กรับสายล่อฟ้าดูการประกอบเลขที่ 2424,2301A,2427,2428,2901,3201A,3203 สามารถพิมพ์เลขที่แบบได้เลยครับ",3
"4.การฝังสมอบกและประยึดโยงระบบจำหน่าย ดูการประกอบเลขที่ 8408,8426,8428,8432,8439,8451,8452,8453 พิมพ์เลขที่แบบได้เลยครับ",4
"5.การฝังสมอบกและประยึดโยงสายล่อฟ้า  ดูการประกอบเลขที่ 8410,8426,8427,8432,8439,8459 พิมพ์เลบขที่แบบได้เลยครับ",5
"6.การพาดสายไฟ ระยะหย่อนยาน ดูการประกอบเลขที่ 2323,3909 พิมพ์เลขที่แบบได้เลยครับ",6
"7.การพาดสายล่อฟ้า ระยะหย่อนยาน ดูการประกอบเลขที่ 2424,9423 พิมพ์เลขที่แบบได้เลยครับ",7
8.ระยะห่างความสูงของสายไฟดูการประกอบเลขที่ 9301 พิมพ์เลขที่แบบได้เลยครับ,8
"9.การพันและผูกลูกถ้วย ดูการประกอบเลขที่ 9553,9556,9575 พิมพ์เลขที่แบบได้เลยครับ",9
"10.การต่อสาย พันเทป(สายหุ้มฉนวน) ดูการประกอบเลขที่ 9561,9562,9569 พิมพ์เลขที่แบบได้เลยครับ",10
"11.การเชื่อมสาย สายแยก พันเทป(สายหุ้มฉนวน) ดูการประกอบเลขที่ 9801,2218A,2310,2312,3912 พิมพ์เลขที่แบบได้เลยครับ",11
"12.การเข้าปลายสายดูการประกอบเลขที่ 2305A,3903 พิมพ์เลขที่แบบได้เลยครับ",12
13.การตัดต้นไม้ดูการประกอบเลขที่ 8603 พิมพ์เลขที่แบบได้เลยครับ,13
14. การทาสีเสา(จุดเสี่ยงต่อการจราจร) ดูการประกอบเลขที่ 8604 พิมพ์เลขที่แบบได้เลยครับ,14
"15. การพ่นสี หมายเลขเสา ดูการประกอบเลขที่ 9512,9153 พิมพ์เลขที่แบบได้เลยครับ",15
"16. การยึดโยง(Storm Guy,Line Guy,Fix Guy) ดูการประกอบเลขที่ 8403,8408,8409 พิมพ์เลขที่แบบได้เลยครับ",16
"17.การต่อลงดิน ดูการประกอบเลขที่ 9701A,9701B,9703A,9704A พิมพ์เลขที่แบบได้เลยครับ",17
"18. การติดตั้งกับดักเสิร์จแรงสูง ดูการประกอบเลขที่ 2401,2402,2402A,3401,3402 พิมพเลขที่แบบได้เลยครับ",18
"19.การปักเสา,เสาตอม่อ ดูการประกอบเลขที่  8205,8222 พิมพ์เลขที่แบบได้เลยครับ",19
"20.การติดตั้งคอน แร็ค ดูการประกอบเลขที่ 0205,0206,0207,0208,0210,0213,0215 พิมพ์เลขที่แบบได้เลยครับ",20
"21.การฝังสมอบก และประกอบยึดโยง ดูการประกอบเลขที่ 8432,8427 พิมพ์เลขที่แบบได้เลยครับ",21
22.การพาดสายไฟ ระยะหน่อนยาน สายแรงต่ำ ดูการประกอบเลขที่ 9422  พิมพ์เลขที่แบบได้เลยครับ,22
23.ระยะห่างความสูงของสายไฟดูการประกอบเลขที่ 9301 พิมพ์เลขที่แบบได้เลยครับ,23
24.การผูกสายไฟกับลูกรอกแรงต่ำ ดูการประกอบเลขที่ 9527 พิมพ์เลขที่แบบได้เลยครับ,24
"25. การต่อสาย พันเทป แรงต่ำ ดูการประกอบเลขที่ 9528,9529 พิมพ์เลขที่แบบได้เลยครับ",25
"26.การเชื่อมสาย,สายแยก พันเทป ดูการประกอบเลขที่ 0210,0210A,0214 พิมพ์เลขที่แบบได้เลยครับ",26
"27.การเข้าปลายสาย พันเทป ดูการประกอบเลขที่ 0209,0211 พิมพ์เลขที่แบบได้เลยครับ",27
"28.การติดตั้งกับดักเสิร์จแรงต่ำ พันเทป ดูการประกอบเลขที่ 0401,0402 พิมพ์เลขที่แบบได้เลยครับ",28
29. การทาสีเสา(จุดเสี่ยงต่อการจราจร) ดูการประกอบเลขที่ 8604 พิมพ์เลขที่แบบได้เลยครับ,29
30. การพ่นสี หมายเลขเสา ดูการประกอบเลขที่ 9152 พิมพ์เลขที่แบบได้เลยครับ,30
"31.การยึดโยง(Stom Guy,Line Guy,Fix Guy) ดูการประกอบเลขที่ 8403,8408 พิมพ์เลขที่แบบได้เลย",31
"32.การต่อลงดินดูการประกอบเลขที่่ 9701A,9703A,9704A พิมพ์เลขที่แบบได้เลยครับ",32
33.ค่าความต้านทานดินรวม ดูการประกอบเลขที่ 9701A พิมพ์เลขที่แบบได้เลย,33
"34.การติดตั้งหม้อแปลง (ระยะความสูง,ทิศทาง) ดูการประกอบเลขที่ 9601 พิมพ์เลขที่แบบได้เลยครับ",34
"35.การติดตั้งคอน,ลูกถ้วย และประกอบบอนด์ไวร์ดูการประกอบเลขที่  8301,2802,2803,3802,3803,3804 พิมพ์เลขที่แบบได้เลยครับ",35
"36.การติดตั้งหม้อแปลง (ระยะความสูง,ทิศทาง) ดูการประกอบเลขที่ 9601 พิมพ์เลขที่แบบได้เลยครับ",36
"37.การผูกสายไฟกับลูกถ้วย ดูการประกอบเลขที่ 9553,9556,9575 พิมพ์เลขที่แบบได้เลย",37
"38.การประกอบเลขที่ 2401,2402,2402A,3401,3402 พิมพ์เลขที่แบบได้เลย",38
"39.การติดตั้งดร๊อปเอาท์,พินเทอร์มินอลและฟิวส์ลิ้ง ดูการประกอบเลขที่ 9596,2104A,3105A พิมพ์เลขที่แบบได้เลย",39
"40.การติดตั้งหม้อแปลง (ระยะความสูง,ทิศทาง) ดูการประกอบเลขที่ 9601 พิมพ์เลขที่แบบได้เลยครับ",40
"41.การเข้าสายบุชชิ่งที่หม้อแปลง,หางปลา,ฉนวนครอบบุชชิ่ง  การประกอบเลขที่ 9576 พิมพ์เลขที่แบบได้เลย",41
42.การติดตั้งสายแรงต่ำ และลำดับเฟส ดูการประกอบเลขที่ 0604 พิมพ์ฌลขที่แบบได้เลย,42
43.การติดตั้งกับดักเสิร์จแรงต่ำ ดูการประกอบเลขที่ 0401 พิมพ์เลขที่แบบได้เลย,43
"44.การติดตั้งคอนสำหรับ LT,LT สวิตซ์ และ ฟิวส์แรงต่ำดูการประกอบเลขที่ 0602,0604 พิมพ์เลขที่แบบได้เลย",44
"45.การติดตั้งที่จับขอบถัง,เหล็กแขวน ท่อร้อยสายแรงต่ำ ดูการประกอบเลขที่ 0603,0604 พิมพ์เลขที่แบบได้เลย",45
"46. เทคอนกรีตที่คาน,โคนเสา ดูการประกอบเลขที่ 2706,3706,8501,8503 พิมพ์เลขที่แบบได้เลย",46
"47.การต่อลงดิน ดูการประกอบเลขที่ 9701A,9703A,9704A พิมพ์เลขที่แบบได้เลย",47
48.ค่าความต้านทานติดต่อจุด ดูการประกอบเลขที่ 9701A พิมพ์เลขที่แบบได้เลยครับ,48
"aaaaa,bbbbbbbbbbbbbbbb,ccccccccccccc,dddddddddddddddd,eeeeeeeeeeeeeeee,ffffffffffffffff",888
[49.เสาคอนกรีต 8 9 9.3 เมตร] [50.เสาคอนกรีต 12 12.2 14 14.3 16 เมตร]พิมพ์เลขที่หัวข้อที่ต้องการได้เลยครับ,#1
[51.คาน คอร.] [52.เหล็กคอนเคเบิ้ลอากาศ] [53.เหล็กรูปรางน้ำ] [54.คอน คอร] [55.คอน คอร สปัน] [56.คอนคอร สปันสำหรับเข้าปลานสาย]พิมพ์เลขที่หัวข้อที่ต้องการได้เลยครับ,#2
[57.สลักเกลียวตลอด] [58.สลักเกลียวห่วงกลม] [59.สลักเกลียวหัวหกเหลี่ยม] [60.สลักเกลียว] [61.สลักห่วงกลม] [62.เหล็กประกับคอนแบบท้าวแขน] [63.เหล็กฉากรับคอนสาย] [64.เหล็กประกับคอน] [65.นัทรูปห่วง] [66.แหวนสปริง] [67.แหวนสี่เหลี่ยมแบน]พิมพ์เลขที่หัวข้อที่ต้องการได้เลยครับ,#3
[68.แผ่นสมอบกคอนกรีตเสริมเหล็ก] [69.แผ่นห่วงสำหรับสายยึดโยง] [70.สลักห่วงแบบธรรมดาเดี่ยว] [71.สัตบโบลท์] [72.เสาต่อม่อ คอร] [73.กายการ์ด] [74.สมอบกคอนกรีตอัดแรง] [75.ก้านสมอบกแบบห่วงสองร่อง] [76.ก้านสมอบกแบบห่วงกลม] [77.อุปกรณ์ประกอบท้าวแขน] [78.กายทิมเบิลสำหรับสายยึดโยง] [79.ยูแคล้มป์]พิมพ์เลขที่หัวข้อที่ต้องการได้เลยครับ,#4
[80.ท่อ PVC] [81.กราวด์วายแคล้มป์] [82.กราวด์วายร์แคล้มป์ สำหรับเสาคอนกรีต สำหรับเหล็กฉากรับสายล่อฟ้า] [83.เหล็กฉากรับสายล่อฟ้า] [84.หลักดิน] [85.เหล็กรูปรางน้ำ รับสายล่อฟ้า] [86.แหวนสี่เหลี่ยมโค้ง] [87.ลวดเหล็กกลม] [88.ลวดเหล็กตีเกลียว] พิมพ์เลขที่หัวข้อที่ต้องการได้เลยครับ,#5
[89.สเตรนแคล้มป์แบบตรง] [90.สเตรนแคล้มป์ พร้อมแคล้มป์ปิ้งคีปเปอร์] [91.ชัสเพนชั่นแคล้มป์ แบบเคลวิส] [92.ที่จับลูกรอก] [93.ลูกถ้วยก้านตรง] [94.ลูกถ้วยโพสท์ไทพ์] [95.ลูกรอกแรงต่ำ] [96.ลูกถ้วยสำหรับสายยึดโยง] [97.ลูกถ้วยแขวน] [98.ก้านลูกถ้วย] [99.แร็ค] [100.ลูกถ้วยไลน์โพสท์ไทพ์ ลูกถ้วยพินโพสท์ไทพ์]พิมพ์เลขที่หัวข้อที่ต้องการได้เลยครับ ,#6
[101.ลูกถ้วยไลน์โพสท์ไทพ์ ลูกถ้วยพินโพสท์ไทพ์] [102.เคเบิลอากาศอะลูมิเนียม] [103.สายอะลูมิเนียมชนิดกลมตันหุ้มฉนวน พีวีซี. เข้ามิเตอร์แรงต่ำ] [104.สายทองแดงตีเกลียวหุ้มฉนวนครอสลิงค์] [105.หางปลาเจาะรูตามมาตรฐาน เนมา สำหรับสายอะลูมิเนียม] [106.ชุดต่อปลายสายเคเบิล สำหรับภายนอกอาคาร 1] [107.ชุดต่อปลายสายเคเบิล สำหรับภายนอกอาคาร 2] [108.เคเบิลอากาศแรงสูง ชนิดพันเกลียว 22kV] [109.ทิมเบิลเคลวิส สำหรับปรีฟอร์มเข้าปลายสาย] [110.คอมเปาด์ ช่วยสัมผัสทางไฟฟ้า ซิลิโคนคอมเปาด์ สำหรับทาลูกถ้วย] [111.สายอะลูมิเนียมแกนเหล็ก] [112.สายอะลูเนียมเปลือย] [113.สายอะลูมิเนียมหุ้มฉนวน พีวีซี] [114.สายอะลูมิเนียมเจือ] [115.พี.จี. คอนเนคเตอร์ สลักเดี่ยว] [116.คอนเนคเตอร์ เข้าปลายสาย] [117.พี.จี. คอนเนคเตอร์ สลักคู่] [118.พี.จี. คอนเนคเตอร์ สลัก 3 ตัว] [119.หลอดต่อสายชนิดบีบไม่รับแรงดึงสายอะลูมิเนียม] [120.หลอดต่อสายชนิดบีบรับแรงดึง สายเอซีเอสอาร์] [121.หลอดต่อสายชนิดบีบรับแรงดึง สายอะลูมิเนียม] [122.หลอดต่อสายชนิดบีบไม่รับแรงดึงสายอะลูมิเนียมแกนเหล็ก] [123.แคล้มป์เข้าปลายสาย] [124.คอนเนคเตอร์ชนิดบีบ แบบเอซ] [125.ฮอทไลน์แคล้มป์] [126.ปรีฟอร์มไลน์การ์ด] [127.ที่แขวนสายหุ้มฉนวนเต็มพิกัดตีเกลียว] [128.หัวเคเบิลใช้ภายนอกอาคาร] [129.หัวเคเบิลสำหรับ เอ๊กแอลพีอี เคเบิล] [130.ปรีฟอร์มอาร์เมอร์ร็อค] [131.ปรีฟอร์มเข้าปลายสายสำหรับเคเบิลอากาศแรงสูง] [132.เคเบิลสเปเซอร์สำหรับ 22-33 พร้อมห่วงรัด kV] [133.ไวเบรชั่นแดมเปอร์ แบบสไปแรล] [134.แผ่นพลาสติกหุ้มสาย พร้อมเส้นไนล่อนรัดสาย 2 เส้น] [135.สลักเกลียวตะขอแขวน สำหรับเข้าปลายสาย และทางโค้ง] [136.แคล้มป์แขวนสำหรับสายเคเบิลอากาศ ชนิดพันเกลียว] [137.สลักเกีลียวตะขอแขวน] [138.ลวดอะลูมิเนียมแบน 1x10 ลวดอะลูมิเนียมกลม 4.0 ลวดอะลูมิเนียมกลมหุ้มฉนวน 4.0] [139.เคเบิลใต้ดินทองแดง] [140.คอนเนคเตอร์ชนิดบีบ แบบเอช] [141.แคล้มป์แขวนสายเคเบิล] [142.พีวีวี.เทป เทปพันเคเบิลอากาศแรงสูง]พิมพ์เลขที่หัวข้อที่ต้องการได้เลยครับ,#7
[143.ตู้อะลูมิเนียมใช้ในอาคาร] [144.ตู้สำหรับมิเตอร์ พร้อมซีที. แรงต่ำ] [145.ดีมานด์มิเตอร์ชนิดสะสม 3 เฟส] [146.ทีโอยูมิเตอร์ เอเอ็มอาร์มิเตอร์ และอุปกรณ์] [147.ไม้แป้นรองรับมิเตอร์] [148.วาร์อาวร์มิเตอร์] [149.วัตต์อาวร์มิเตอร์ ซิงเกิลเฟส 2 สาย 220 V] [150.วัตต์อาวร์มิเตอร์ 3 เฟส 4 สาย] [151.ซี.ที.ใช้นอกอาคาร 22 kV 1 ] [152.ซี.ที.ใช้นอกอาคาร 22 kV  2] [153.ซี.ที.ใช้นอกอาคาร 33 kV  1] [154.ซี.ที.ใช้นอกอาคาร 33 kV  2] [155.ซี.ที. แรงต่ำใช้นอกอาคาร 500 V] [156.ซี.ที. หนึ่งเฟส ใช้นอกอาคาร]พิมพ์เลขที่หัวข้อที่ต้องการได้เลยครับ,#8
[157.ฐานฟิวส์ สำหรับ ดี-คาทริดจ์ฟิวส์] [158.ดรอพเอาต์ ฟิวส์คัตเอาต์ หนึ่งอินซูเลเตอร์ 1] [159.ดรอพเอาต์ ฟิวส์คัตเอาต์ หนึ่งอินซูเลเตอร์ 2] [160.ฟิวส์ลิงค์ อีอีไอ-เนมา แบบ k หรือแบบไฮเลิร์จ] [161.ฟิวส์สวิตซ์แรงต่ำ 1x400แอมป์ 500V] [162.กับดักเลิร์จแรงสูง] [163.เอชอาร์ซีฟิวส์แรงต่ำ มาตรฐาน ดิน 43620] [164.กับดักเลิร์จ 250-500 V] [165.ชุดเพาเวอร์ฟิวส์ ชนิด อี] [166.แอร์เบรคสวิตซ์ 3 ขา] [167.สวิตซ์ตัดตอนแรงสูง หนึ่งขา  22 kV แบบอินไลน์] [168.สวิตซ์ตัดตอนแรงสูง หนึ่งขา] [169.สวิตซ์เปิดได้เมื่อมีโหลด 3 เฟส ชนิด เอสเอฟซิคซ์] [170.เซคชั่นนัลไลเซอร์ 3 เฟส 33 kV 400 A] [171.เซอร์กิตเบรคเกอร์แรงต่ำ] [172.รีโคลสเซอร์ 3 ขา] [173.แวคคิวอั้มสวิตซ์ 3 เฟส 33 kV 400 แอมป์] [174.สวิตซ์เปิดได้เมื่อมีโหลด 3 ขา 33 kV 600 A] [175.โหลดเบรคสวิตซ์ 3 ขา 22 kV 600 A 40 kA] [176.ออยล์สวิตซ์ 22 kV 300A 33 kV 300A]พิมพ์เลขที่หัวข้อที่ต้องการได้เลยครับ,#9
[177.เหล็กจับขอบถังหม้อแปลงสำหรับยึดสายแรงต่ำ] [178.คะแปซิเตอร์ 3 เฟส ใช้ในอาคาร] [179.คะแปซิเตอร์ 3 เฟส ใช้นอกอาคาร] [180.คะแปซิเตอร์ หนึ่งเฟส สองบุชชิ่งใช้นอกอาคาร] [181.คะแปซิเตอร์ หนึ่งเฟส ใช้ในอาคาร] [182.คะแปซิเตอร์ หนึ่งเฟส ใช้นอกอาคาร] [183.คะแปซิเตอร์หนึ่งเฟส หนึ่งบุชชิ่งใช้นอกอาคาร] [184.ที่แขวนคะแปซิเตอร์ 11 - 33 kV] [185.เหล็กแขวนท่อ พีวีซี.] [186.หม้อแปลง 3 เฟส แบบปิดผนึก] [187.หม้อแปลง 1 เฟส หนึ่งบุชชี่ง] [188.หม้อแปลง 1 เฟส สองบุชชี่ง] [189.หม้อแปลง 3 เฟส] [190.หม้อแปลงชนิด CPS  1 เฟส หนึ่งบุชชี่ง] [191.หม้อแปลง CPS 1 เฟส สองบุชชิ่ง]พิมพ์เลขที่หัวข้อที่ต้องการได้เลยครับ,#10
[192.สวิตซ์เวลาวงจรเดี่ยว ใช้ภายนอก] [193.กิ่งโคมไฟถนน แบบที่ 3] [194.โคมฟลูออเรสเซนต์และโคมแสงจันทร์] [195.ชุดสวิตช์สำหรับควบคุมไฟถนนชนิดพลังแสง]พิมพ์เลขที่หัวข้อที่ต้องการได้เลยครับ,#11
เสาคอนกรีต 8 9 9.3 https://drive.google.com/open?id=0B4BTAaYsG0CpS21SV2dRUkkxeFU,49
เสาคอนกรีต 12 12.2 14 14.3 16 https://drive.google.com/open?id=0B4BTAaYsG0CpQ2xNdFNxZ0xjbVk,50
คาน คอร100x100x3200 150x250x3450 150x250x3550 https://drive.google.com/open?id=0B4BTAaYsG0CpUmdidEF0Umh3NE0,51
เหล็กคอนเคเบิลอากาศ https://drive.google.com/open?id=0B4BTAaYsG0CpN2lxWkMzaW4tRG8,52
เหล็กรูปรางน้ำ https://drive.google.com/open?id=0B4BTAaYsG0CpVG16TkVjd3pnQTA,53
คอน คอร 100x100x1500 https://drive.google.com/open?id=0B4BTAaYsG0CpVFU1WS1GZl91VkU,54
คอน คอร สบัน 100x100x2500 120x120x3000 https://drive.google.com/open?id=0B4BTAaYsG0CpbTJDTWx4bm03TUU,55
คอน คอร สบัน สำหรับเข้าปลายสาย 120x120x2000 120x120x2500 https://drive.google.com/open?id=0B4BTAaYsG0CpZmRsQnBMcGNCSjA,56
สลักเกลีบวตลอด 16x400 16x450 16x500 16x600 https://drive.google.com/open?id=0B4BTAaYsG0CpOGRXVkdKUnZEVmM,57
สลักเกลียวห่วงกลม 16x400 16x450 https://drive.google.com/open?id=0B4BTAaYsG0CpaG1ncWFlcmJ2NE0 16x500 16x600,58
สลักเกลียวหัวหกเหลี่ยม 16x550 16x600 https://drive.google.com/open?id=0B4BTAaYsG0CpaDEwdFV6MDBxR28,59
สลักเกลียว https://drive.google.com/open?id=0B4BTAaYsG0CpdjNRV21oT0NfSUk,60
สลักห่วงกลม 16x100 16x200 16x250 16x300 https://drive.google.com/open?id=0B4BTAaYsG0CpUHNVdVpkWG0yQm8,61
เหล็กประกับคอนแบบท้าวแขน 40x40x5 50x50x6 https://drive.google.com/open?id=0B4BTAaYsG0CpNmVFenNleE1yNVE,62
เหล็กฉากรับคอนสาย 1800 https://drive.google.com/open?id=0B4BTAaYsG0CpR1lfM0pBUUk2djg,63
เหล็กประกับคอน 30x6x760 40x6x1000 https://drive.google.com/open?id=0B4BTAaYsG0CpYU9jQkV1dW8zVm8,64
นัทรูปห่วง M16 DIN582 https://drive.google.com/open?id=0B4BTAaYsG0CpNkJBX3c2UjBzZkE,65
แหวนสปริง https://drive.google.com/open?id=0B4BTAaYsG0CpUlBDdmVGQVFyY2M,66
แหวนสี่เหลี่ยมแบน 52x52x4.5 https://drive.google.com/open?id=0B4BTAaYsG0CpaGE0OEJNZzVDcXM,67
แผ่นสมอบกคอนกรีตเสริมเหล็ก 550x550x150 600x600x180 https://drive.google.com/open?id=0B4BTAaYsG0CpS04tYTlraVJpVk0,68
แผ่นห่วงสำหรับสายยึดโยง https://drive.google.com/open?id=0B4BTAaYsG0CpcnpHRThGMGVQeUU,69
สลักห่วงแบบธรรมดาเดี่ยว 16x250 16x350 https://drive.google.com/open?id=0B4BTAaYsG0CpNzlkTGttTDUyLUE,70
สตับโบลท์ https://drive.google.com/open?id=0B4BTAaYsG0CpTVhkRTA0dlhmcnM,71
เสาตอม่อ คอร. https://drive.google.com/open?id=0B4BTAaYsG0CpbjBSOTZWeG12dTA,72
กายการ์ด 2000 https://drive.google.com/open?id=0B4BTAaYsG0Cpai1jVWdzQ0o2VDQ,73
สมอบกคอนกรีตอัดแรง 1200 https://drive.google.com/open?id=0B4BTAaYsG0CpNlJRc2JoQ3BBalE,74
ก้านสมอบกแบบห่วงสองร่อง https://drive.google.com/open?id=0B4BTAaYsG0CpX0V2RWRHeVFzRDQ,75
ก้านสมอบกแบบห่วงกลม https://drive.google.com/open?id=0B4BTAaYsG0CpNHlzR0t2UXRZU0E,76
อุปกรณ์ประกอบแบบท้าวแขน 2500 3000 https://drive.google.com/open?id=0B4BTAaYsG0CpSTlxY0NLbjBhaDA,77
กายทิมเบิลสำหรับสายยึดโยง https://drive.google.com/open?id=0B4BTAaYsG0CpWk9CVzl2dm1UYTQ,78
ยูแคล้มป์ เดี่ยวM8 ยูแคล้มป์ คู่M16 https://drive.google.com/open?id=0B4BTAaYsG0CpajhHRXBlcXRDbE0,79
ท่อ พีวีซี.แข็ง 20x4000 20x2500 65x1000 https://drive.google.com/open?id=0B4BTAaYsG0CpcWhxcThmY1Y4U0E,80
กราวด์วายร์แคล้มป์ J5455 J1152 https://drive.google.com/open?id=0B4BTAaYsG0CpdjdLMnhiZ3NLTW8,81
กราวด์วายร์แคล้มป์ สำหรับเสาคอนกรีต สำหรับเหล็กฉากรับสายล่อฟ้า  https://drive.google.com/open?id=0B4BTAaYsG0CpazRHdGFuam5qRlk ,82
"เหล็กฉากรับสายล่อฟ้า 65x65x6 https://drive.google.com/open?id=0B4BTAaYsG0CpSzlOdFdNTDQwWVk
OVERHEAD GROUND WIRE CORNER  BAYONET 65x65x6",83
หลักดิน 60x60x5 https://drive.google.com/open?id=0B4BTAaYsG0CpUnBCc1NkSkJVWGc,84
เหล็กรูปรางน้ำ รับสายล่อฟ้า 100x50x5 https://drive.google.com/open?id=0B4BTAaYsG0CpUUpUbkdrWWtDdzA,85
แหวนสี่เหลี่ยมโค้ง 60x60x5 https://drive.google.com/open?id=0B4BTAaYsG0CpanRraUIzQnJfVmM,86
ลวดเหล็กกลม https://drive.google.com/open?id=0B4BTAaYsG0CpcmdIR2IzaVR5MTA,87
ลวดเหล็กตีเกลียว มอก. 404 https://drive.google.com/open?id=0B4BTAaYsG0CpLU9kcFp2UTBMTzQ,88
สเตรนแคล้มป์แบบตรง https://drive.google.com/open?id=0B4BTAaYsG0CpMXA2YWxnd2FfR28,89
สเตรนแคล้มป์ พร้อมแคล้มป์ปิ้งคีปเปอร์ https://drive.google.com/open?id=0B4BTAaYsG0CpNldVVmZ5WkVPMFU,90
ชัสเพนชั่นแคล้มป์ แบบเคลวิส https://drive.google.com/open?id=0B4BTAaYsG0CpRnJoVF9Rc05YZXc,91
ที่จับลูกรอก สำหรับลูกรอกแรงต่ำ แบบ ข. 53-2 ที่จับลูกรอกแบบแยก สำหรับลูกรอกแรงต่ำ แบบ ข.   52-3 https://drive.google.com/open?id=0B4BTAaYsG0CpdWpVbDRhYUhfNms,92
ลูกถ้วยก้านตรง https://drive.google.com/open?id=0B4BTAaYsG0CpMXRkSGNrSUxfODA,93
ลูกถ้วยโพสท์ไทพ์ 33 kV 33 https://drive.google.com/open?id=0B4BTAaYsG0CpS05EWkpyM0xmMjg,94
ลูกรอกแรงต่ำ มอก. แบบ ข.227 https://drive.google.com/open?id=0B4BTAaYsG0CpakpVR09lZGRMMnc,95
ลูกถ้วยสำหรับสายยึดโยง https://drive.google.com/open?id=0B4BTAaYsG0CpczV4dTkzR3c2R2M,96
ลูกถ้วยแขวน มอก.354 แบบก. มอก.354 แบบง. https://drive.google.com/open?id=0B4BTAaYsG0CpcmVmeUM3V01TMzg,97
ก้านลูกถ้วย https://drive.google.com/open?id=0B4BTAaYsG0CpSzA4eTVWY1ZZZjA,98
แร็ค 2x200 3x200 4x200 https://drive.google.com/open?id=0B4BTAaYsG0CpNkJaR2kzU29FS3M,99
ลูกถ้วยไลน์โพสท์ไทพ์ ลูกถ้วยพินโพสท์ไทพ์ https://drive.google.com/open?id=0B4BTAaYsG0CpWnNiOVhPWmZjYlE,100
เบล (สเตอร์รัพ) แคล้มป์ https://drive.google.com/open?id=0B4BTAaYsG0CpblFyeFBGc2lVSGc,101
เคเบิลอากาศอะลูมิเนียม https://drive.google.com/open?id=0B4BTAaYsG0Cpd2tCajBxcEtIczQ,102
สายอะลูมิเนียมชนิดกลมตันหุ้มฉนวน พีวีซี. เข้ามิเตอร์แรงต่ำ 750 V https://drive.google.com/open?id=0B4BTAaYsG0CpLXZJQVVHblNOd1U,103
สายทองแดงตีเกลียวหุ้มฉนวนครอสลิงค์ โพลิเอททีลินและเปลือกนอกพีวีซี 600V https://drive.google.com/open?id=0B4BTAaYsG0CpUDFseWdPWC10cms,104
หางปลาเจาะรูตามมาตรฐาน เนมา สำหรับสายอะลูมิเนียม https://drive.google.com/open?id=0B4BTAaYsG0CpTzJ4TFdySmR1WnM,105
ชุดต่อปลายสายเคเบิล สำหรับภายนอกอาคาร 1 https://drive.google.com/open?id=0B4BTAaYsG0CpYVdnbmY0aVlCNDg,106
ชุดต่อปลายสายเคเบิล สำหรับภายนอกอาคาร 2 https://drive.google.com/open?id=0B4BTAaYsG0CpbVZ3OE9QREhHTzQ,107
เคเบิลอากาศแรงสูง ชนิดพันเกลียว 22kV https://drive.google.com/open?id=0B4BTAaYsG0CpdG82TlNGV1U3eUE,108
ทิมเบิลเคลวิส สำหรับปรีฟอร์มเข้าปลายสาย https://drive.google.com/open?id=0B4BTAaYsG0CpSi1aLVpfXzlhbVE,109
คอมเปาด์ ช่วยสัมผัสทางไฟฟ้า ซิลิโคนคอมเปาด์ สำหรับทาลูกถ้วย https://drive.google.com/open?id=0B4BTAaYsG0CpS1RFblhGakVOTVE,110
สายอะลูมิเนียมแกนเหล็ก https://drive.google.com/open?id=0B4BTAaYsG0CpaDRueHVVS0haa2c,111
สายอะลูเนียมเปลือย https://drive.google.com/open?id=0B4BTAaYsG0CpQS1jRGdFbFF4TUk,112
สายอะลูมิเนียมหุ้มฉนวน พีวีซี.https://drive.google.com/open?id=0B4BTAaYsG0CpMjBMR1B2SHhDRGs,113
สายอะลูมิเนียมเจือ https://drive.google.com/open?id=0B4BTAaYsG0CpVHNyMmF2Q0JvbG8,114
พี.จี. คอนเนคเตอร์ สลักเดี่ยว https://drive.google.com/open?id=0B4BTAaYsG0CpXzBoWnFSbjFxeG8,115
คอนเนคเตอร์ เข้าปลายสาย https://drive.google.com/open?id=0B4BTAaYsG0CpU1kxZkEtWkVyZGs,116
พี.จี. คอนเนคเตอร์ สลักคู่ https://drive.google.com/open?id=0B4BTAaYsG0CpOEt6RkI2cUVXa0U,117
พี.จี. คอนเนคเตอร์ สลัก 3 ตัว https://drive.google.com/open?id=0B4BTAaYsG0CpbnFXTGhCYkw3aFk,118
หลอดต่อสายชนิดบีบไม่รับแรงดึงสายอะลูมิเนียม https://drive.google.com/open?id=0B4BTAaYsG0CpZlBlUGprMElQODg,119
หลอดต่อสายชนิดบีบรับแรงดึง สายเอซีเอสอาร์ https://drive.google.com/open?id=0B4BTAaYsG0CpV2NYWkxDUm1WZlU,120
หลอดต่อสายชนิดบีบรับแรงดึง สายอะลูมิเนียม  https://drive.google.com/open?id=0B4BTAaYsG0CpR1c3eVlFQ3lKUzg,121
หลอดต่อสายชนิดบีบไม่รับแรงดึงสายอะลูมิเนียมแกนเหล็ก https://drive.google.com/open?id=0B4BTAaYsG0CpT1dNMmJiOWl3TWc,122
แคล้มป์เข้าปลายสาย สำหรับสายสะพาน ของสายเคเบิลอากาศ ชนิดพันเกลียว https://drive.google.com/open?id=0B4BTAaYsG0Cpc2dZcDVTN0hpeGc,123
คอนเนคเตอร์ชนิดบีบ แบบเอซ  https://drive.google.com/open?id=0B4BTAaYsG0CpQk14ZTZIVWtYSzg,124
ฮอทไลน์แคล้มป์ https://drive.google.com/open?id=0B4BTAaYsG0CpU05oSlNUUUh2Z2c,125
ปรีฟอร์มไลน์การ์ด https://drive.google.com/open?id=0B4BTAaYsG0CpaXlYN1EwUHpoTEk,126
ที่แขวนสายหุ้มฉนวนเต็มพิกัดตีเกลียว https://drive.google.com/open?id=0B4BTAaYsG0CpUlY5V29nYVVDek0,127
หัวเคเบิลใช้ภายนอกอาคาร สำหรับสายเคเบิลอากาศ ชนิดพันเกลียวอะลูมิเนียม 22 kV https://drive.google.com/open?id=0B4BTAaYsG0CpUUE4OEJHUlZHQ0U,128
หัวเคเบิลสำหรับ เอ๊กแอลพีอี เคเบิล  https://drive.google.com/open?id=0B4BTAaYsG0CpU3BERE5aU3J3UTQ,129
ปรีฟอร์มอาร์เมอร์ร็อค https://drive.google.com/open?id=0B4BTAaYsG0CpN2ZJT1FPY0ZjS2M,130
ปรีฟอร์มเข้าปลายสายสำหรับเคเบิลอากาศแรงสูง https://drive.google.com/open?id=0B4BTAaYsG0CpaEJ3OTliWVpIMDg,131
เคเบิลสเปเซอร์สำหรับ 22-33 พร้อมห่วงรัด kV  https://drive.google.com/open?id=0B4BTAaYsG0CpQjQyUjN4cHJXSjg,132
ไวเบรชั่นแดมเปอร์ แบบสไปแรล https://drive.google.com/open?id=0B4BTAaYsG0CpUjhZbHc5S3hVM00,133
แผ่นพลาสติกหุ้มสาย พร้อมเส้นไนล่อนรัดสาย 2 เส้น https://drive.google.com/open?id=0B4BTAaYsG0CpLVVvZWpOVEZsV00,134
สลักเกลียวตะขอแขวน สำหรับเข้าปลายสาย และทางโค้ง https://drive.google.com/open?id=0B4BTAaYsG0CpU3kyeVh1cWExMGs,135
แคล้มป์แขวนสำหรับสายเคเบิลอากาศ ชนิดพันเกลียว https://drive.google.com/open?id=0B4BTAaYsG0CpWnJ4LVVlZDM4XzQ,136
สลักเกีลียวตะขอแขวน https://drive.google.com/open?id=0B4BTAaYsG0Cpb2c5TFlTS2R4dnM,137
ลวดอะลูมิเนียมแบน 1x10 ลวดอะลูมิเนียมกลม 4.0 ลวดอะลูมิเนียมกลมหุ้มฉนวน 4.0 https://drive.google.com/open?id=0B4BTAaYsG0CpdGQ0Q0dSbGM0Smc,138
เคเบิลใต้ดินทองแดง https://drive.google.com/open?id=0B4BTAaYsG0CpRFdTV3RDd3p1RFU,139
คอนเนคเตอร์ชนิดบีบ แบบเอช https://drive.google.com/open?id=0B4BTAaYsG0CpSnM3d3N2NmhaR00,140
แคล้มป์แขวนสายเคเบิล ที่จับเคเบิลสเปเซอร์ กายแคล้มป์สลัก 3 ตัว ห่วงแขวนเคเบิลสเปเซอร์ https://drive.google.com/open?id=0B4BTAaYsG0CpZzJ2ei00NmdWMUk,141
พีวีวี.เทป เทปพันเคเบิลอากาศแรงสูง เทปไฟฟ้าพีวีซี เทปไฟฟ้ายางซิลิโคน หลอมตัวเอง https://drive.google.com/open?id=0B4BTAaYsG0CpSU90anNjZ2V4anc,142
ตู้อะลูมิเนียมใช้ในอาคาร https://drive.google.com/open?id=0B4BTAaYsG0CpeTdXcmJ1b3hlWDQ,143
ตู้สำหรับมิเตอร์ พร้อมซีที. แรงต่ำ https://drive.google.com/open?id=0B4BTAaYsG0Cpc2pjRWNPNkdJVzg,144
ดีมานด์มิเตอร์ชนิดสะสม 3 เฟส https://drive.google.com/open?id=0B4BTAaYsG0CpckFHOGJKRjhWYTg,145
ทีโอยูมิเตอร์ เอเอ็มอาร์มิเตอร์ และอุปกรณ์ https://drive.google.com/open?id=0B4BTAaYsG0CpNFFxNFpIenZobTQ,146
ไม้แป้นรองรับมิเตอร์ https://drive.google.com/open?id=0B4BTAaYsG0CpNkJtMlZDTVliWjQ,147
วาร์อาวร์มิเตอร์ https://drive.google.com/open?id=0B4BTAaYsG0CpTjY1c1lnRExKR2c,148
วัตต์อาวร์มิเตอร์ ซิงเกิลเฟส 2 สาย 220 V https://drive.google.com/open?id=0B4BTAaYsG0CpSTBtNFVwTndCU00,149
วัตต์อาวร์มิเตอร์ 3 เฟส 4 สาย https://drive.google.com/open?id=0B4BTAaYsG0CpYl9fZVJRZi0tamc,150
ซี.ที.ใช้นอกอาคาร 22 kV  1 https://drive.google.com/open?id=0B4BTAaYsG0CpY24yb1A3YmdQcVE,151
ซี.ที.ใช้นอกอาคาร 22 kV  2 https://drive.google.com/open?id=0B4BTAaYsG0CpVlpKMG53bmdTOHc,152
ซี.ที.ใช้นอกอาคาร 33 kV  1 https://drive.google.com/open?id=0B4BTAaYsG0CpUTUtdlFzQ3ZtYTA,153
ซี.ที.ใช้นอกอาคาร 33 kV  2 https://drive.google.com/open?id=0B4BTAaYsG0CpaDkzNjRYemtGVjQ,154
ซี.ที. แรงต่ำใช้นอกอาคาร 500 V https://drive.google.com/open?id=0B4BTAaYsG0CpSmRyZFpsN0E4R2c,155
ซี.ที. หนึ่งเฟส ใช้นอกอาคาร https://drive.google.com/open?id=0B4BTAaYsG0CpMDhGRTFxcWRFMmc,156
ฐานฟิวส์ สำหรับ ดี-คาทริดจ์ฟิวส์  https://drive.google.com/open?id=0B4BTAaYsG0CpR0VMcWJyVU1HMHM,157
ดรอพเอาต์ ฟิวส์คัตเอาต์ หนึ่งอินซูเลเตอร์ 1  https://drive.google.com/open?id=0B4BTAaYsG0CpU3YyZXdFZ2xhTHM,158
ดรอพเอาต์ ฟิวส์คัตเอาต์ หนึ่งอินซูเลเตอร์ 2  https://drive.google.com/open?id=0B4BTAaYsG0CpNVRvNFdGdWc5bkk,159
ฟิวส์ลิงค์ อีอีไอ-เนมา แบบ k หรือแบบไฮเลิร์จ https://drive.google.com/open?id=0B4BTAaYsG0CpWnB4Wmt1MGc1UWM,160
ฟิวส์สวิตซ์แรงต่ำ 1x400แอมป์ 500V  https://drive.google.com/open?id=0B4BTAaYsG0CpV3JldUFoSi0yZG8,161
กับดักเลิร์จแรงสูง  https://drive.google.com/open?id=0B4BTAaYsG0CpUVRpQVppemJ2aUU,162
เอชอาร์ซีฟิวส์แรงต่ำ มาตรฐาน ดิน 43620  https://drive.google.com/open?id=0B4BTAaYsG0CpdmdSMkxGcnRhN1U,163
กับดักเลิร์จ 250-500 V https://drive.google.com/open?id=0B4BTAaYsG0CpSW52YUR5WUF6MEk,164
ชุดเพาเวอร์ฟิวส์ ชนิด อี  https://drive.google.com/open?id=0B4BTAaYsG0CpZzd3MzI5YmFubE0,165
แอร์เบรคสวิตซ์ 3 ขา  https://drive.google.com/open?id=0B4BTAaYsG0CpejFEanR2RUxaYmM,166
สวิตซ์ตัดตอนแรงสูง หนึ่งขา  22 kV แบบอินไลน์  https://drive.google.com/open?id=0B4BTAaYsG0CpMEdueXBTem9LQlk,167
สวิตซ์ตัดตอนแรงสูง หนึ่งขา https://drive.google.com/open?id=0B4BTAaYsG0CpYUNMZmFJYnhndkk,168
สวิตซ์เปิดได้เมื่อมีโหลด 3 เฟส ชนิด เอสเอฟซิคซ์  https://drive.google.com/open?id=0B4BTAaYsG0CpTW1zSjVtRzdtaXc,169
เซคชั่นนัลไลเซอร์ 3 เฟส 33 kV 400 A  https://drive.google.com/open?id=0B4BTAaYsG0CpZ2NSRXRHU2xqb1E,170
เซอร์กิตเบรคเกอร์แรงต่ำ  https://drive.google.com/open?id=0B4BTAaYsG0Cpa25Kb2ExRUxoalU,171
รีโคลสเซอร์ 3 ขา https://drive.google.com/open?id=0B4BTAaYsG0CpT1J4c3ZQY0ExR2s,172
แวคคิวอั้มสวิตซ์ 3 เฟส 33 kV 400 แอมป์  https://drive.google.com/open?id=0B4BTAaYsG0CpQTNZalZ5aHFuWDg,173
สวิตซ์เปิดได้เมื่อมีโหลด 3 ขา 33 kV 600 A  https://drive.google.com/open?id=0B4BTAaYsG0CpLU5SUzFEUlhUcEU,174
โหลดเบรคสวิตซ์ 3 ขา 22 kV 600 A 40 kA  https://drive.google.com/open?id=0B4BTAaYsG0CpQ2xSWi1YVGZOeTA,175
ออยล์สวิตซ์ 22 kV 300A 33 kV 300A  https://drive.google.com/open?id=0B4BTAaYsG0CpcGQ5Sy1kY0ZsRUU,176
เหล็กจับขอบถังหม้อแปลงสำหรับยึดสายแรงต่ำ  https://drive.google.com/open?id=0B4BTAaYsG0CpSTB2X3hkUXFGbVU,177
คะแปซิเตอร์ 3 เฟส ใช้ในอาคาร https://drive.google.com/open?id=0B4BTAaYsG0CpU1R6b2l5VkdPY1U,178
คะแปซิเตอร์ 3 เฟส ใช้นอกอาคาร https://drive.google.com/open?id=0B4BTAaYsG0CpTWVfWHc1UE9Tc2s,179
คะแปซิเตอร์ หนึ่งเฟส สองบุชชิ่งใช้นอกอาคาร  https://drive.google.com/open?id=0B4BTAaYsG0Cpc3ljaE1IOU82YkE,180
คะแปซิเตอร์ หนึ่งเฟส ใช้ในอาคาร https://drive.google.com/open?id=0B4BTAaYsG0CpOU5hYkVPMVhUbEU,181
คะแปซิเตอร์ หนึ่งเฟส ใช้นอกอาคาร https://drive.google.com/open?id=0B4BTAaYsG0CpZFdTaEI5MkU1Nzg,182
คะแปซิเตอร์หนึ่งเฟส หนึ่งบุชชิ่งใช้นอกอาคาร  https://drive.google.com/open?id=0B4BTAaYsG0CpRU5tN0pXM0s1Mlk,183
ที่แขวนคะแปซิเตอร์ 11 - 33 kV  https://drive.google.com/open?id=0B4BTAaYsG0CpQTlETG10TEwyNkk,184
เหล็กแขวนท่อ พีวีซี. https://drive.google.com/open?id=0B4BTAaYsG0CpZXpaMEVFT0g2c0U,185
หม้อแปลง 3 เฟส แบบปิดผนึก  https://drive.google.com/open?id=0B4BTAaYsG0CpMEhUMURlV3F1bDg,186
หม้อแปลง 1 เฟส หนึ่งบุชชี่ง https://drive.google.com/open?id=0B4BTAaYsG0CpRmVNbzdSZHZLY2c,187
หม้อแปลง 1 เฟส สองบุชชี่ง  https://drive.google.com/open?id=0B4BTAaYsG0CpTnZGd2dydlgyM2s,188
หม้อแปลง 3 เฟส https://drive.google.com/open?id=0B4BTAaYsG0CpSkNRX1BaSGxGYzg,189
หม้อแปลงชนิด CPS  1 เฟส หนึ่งบุชชี่ง https://drive.google.com/open?id=0B4BTAaYsG0CpTk1YRUlab2JKQTA,190
หม้อแปลง CPS 1 เฟส สองบุชชิ่ง https://drive.google.com/open?id=0B4BTAaYsG0CpakczQ0dMU05ubWM,191
สวิตซ์เวลาวงจรเดี่ยว ใช้ภายนอก https://drive.google.com/open?id=0B4BTAaYsG0CpYkNpUlRHRFFjMjg,192
กิ่งโคมไฟถนน แบบที่ 3  https://drive.google.com/open?id=0B4BTAaYsG0CpeHpnbmM4Tmp3XzA,193
โคมฟลูออเรสเซนต์และโคมแสงจันทร์  https://drive.google.com/open?id=0B4BTAaYsG0CpUWxKRVE0TVVPYUE,194
ชุดสวิตช์สำหรับควบคุมไฟถนนชนิดพลังแสง  https://drive.google.com/open?id=0B4BTAaYsG0Cpd0VfemFVTG4ySDg,195
ฟฟฟฟฟฟฟฟฟฟฟฟฟฟฟฟฟฟฟฟฟฟฟฟฟฟฟฟฟฟฟฟฟฟฟฟฟฟฟฟฟฟฟฟฟฟฟฟฟฟฟฟฟฟฟฟฟฟฟฟฟฟฟฟฟฟฟฟฟฟฟฟฟฟฟฟฟฟฟฟฟฟฟฟฟฟฟฟฟฟฟฟฟฟฟฟฟฟฟฟฟฟฟฟฟฟฟฟฟฟฟฟฟฟฟฟฟฟฟฟฟฟฟฟฟฟฟฟฟฟฟฟฟฟฟฟฟฟฟฟฟฟฟฟฟฟฟฟฟฟฟฟฟฟฟฟฟฟฟฟฟฟฟฟฟฟฟฟฟฟฟฟฟฟฟฟฟฟฟฟฟฟฟฟฟฟฟฟฟฟฟฟฟฟฟฟฟฟฟฟฟฟฟฟฟฟฟฟฟฟฟฟฟฟฟฟฟฟฟฟฟฟฟฟฟฟฟฟฟฟฟฟฟฟฟฟฟฟฟฟฟฟฟฟฟฟฟฟฟฟฟฟฟฟฟฟฟฟฟฟ,300
